Dn,PrCode ,Product Description           ,Unit ,OBQty  ,OBVal    ,RcptQty,RcptVal  ,CBQty  ,CBVal    ,AdjQty ,SaleQty,SaleVal
00,0015268,ACOTOP ER TAB                 ,10s  ,     0 ,       0 ,     0,       0,     0 ,       0 ,     0 ,     0,       0
00,0015049,ALFAPSIN 50mg CAP             ,10s  ,     0 ,       0 ,     0,       0,     0 ,       0 ,     0 ,     0,       0
00,0015170,BALOTERO 100mg TABS           ,10s  ,     0 ,       0 ,     0,       0,     0 ,       0 ,     0 ,     0,       0
00,0015038,BAXIN 250 KID TAB             ,10s  ,     0 ,       0 ,     0,       0,     0 ,       0 ,     0 ,     0,       0
00,0015019,BAXIN 500MG INJ               ,2ml  ,     0 ,       0 ,     0,       0,     0 ,       0 ,     0 ,     0,       0
00,0015022,BAXIN D 500 CAPS              ,10s  ,     0 ,       0 ,     0,       0,     0 ,       0 ,     0 ,     0,       0
00,0015067,BAXIN D LB CAPS               ,10s  ,     0 ,       0 ,     0,       0,     0 ,       0 ,     0 ,     0,       0
00,0015048,BONFAST CAP                   ,10s  ,     0 ,       0 ,     0,       0,     0 ,       0 ,     0 ,     0,       0
00,0015128,CC-CURE TABS                  ,10s  ,     0 ,       0 ,     0,       0,     0 ,       0 ,     0 ,     0,       0
00,0015161,CDCV 250 DT TABS              ,6s   ,     0 ,       0 ,     0,       0,     0 ,       0 ,     0 ,     0,       0
00,0015162,CDCV 500 TABS                 ,6s   ,     0 ,       0 ,     0,       0,     0 ,       0 ,     0 ,     0,       0
00,0015033,CEPROL 600mg TABS             ,10s  ,     0 ,       0 ,     0,       0,     0 ,       0 ,     0 ,     0,       0
00,0015027,CETRABEN CREAM 125 GM         ,125gm,     0 ,       0 ,     0,       0,     0 ,       0 ,     0 ,     0,       0
00,0015023,CETRABEN CREAM 50gm           ,50gm ,     0 ,       0 ,     0,       0,     0 ,       0 ,     0 ,     0,       0
00,0015184,CHHOO TABS                    ,10s  ,     0 ,       0 ,     0,       0,     0 ,       0 ,     0 ,     0,       0
00,0015020,CUFREST 100ml                 ,100ml,     0 ,       0 ,     0,       0,     0 ,       0 ,     0 ,     0,       0
00,0015166,DIRAB-10 TABS                 ,10s  ,     0 ,       0 ,     0,       0,     0 ,       0 ,     0 ,     0,       0
00,0015165,DIRAB-5 TABS                  ,10s  ,     0 ,       0 ,     0,       0,     0 ,       0 ,     0 ,     0,       0
00,0015167,DIRAB-D CAPS                  ,10s  ,     0 ,       0 ,     0,       0,     0 ,       0 ,     0 ,     0,       0
00,0015083,DYDROPAL 10 TAB               ,10s  ,     0 ,       0 ,   340,  119680,   167 ,   58784 ,     1 ,   172,   60544
00,0015002,ECO-ALL LIQUID                ,5ml  ,     0 ,       0 ,     0,       0,     0 ,       0 ,     0 ,     0,       0
00,0015230,ECO-ALL SACHET                ,1gm  ,     0 ,       0 ,     0,       0,     0 ,       0 ,     0 ,     0,       0
00,0015100,ENUFF O DRY SYP 30ML          ,30ML ,     0 ,       0 ,     0,       0,     0 ,       0 ,     0 ,     0,       0
00,0015211,EXTEL 20 TABLETS              ,10s  ,     0 ,       0 ,     0,       0,     0 ,       0 ,     0 ,     0,       0
00,0015212,EXTEL 40 Tabs 10s             ,10s  ,     0 ,       0 ,     0,       0,     0 ,       0 ,     0 ,     0,       0
00,0015219,EXTEL 80 Tabs 10s             ,10s  ,     0 ,       0 ,     0,       0,     0 ,       0 ,     0 ,     0,       0
00,0015213,EXTEL AM Tabs 10s             ,10s  ,     0 ,       0 ,     0,       0,     0 ,       0 ,     0 ,     0,       0
00,0015218,EXTEL CT 80 Tabs 10s          ,10s  ,     0 ,       0 ,     0,       0,     0 ,       0 ,     0 ,     0,       0
00,0015214,EXTEL CT FORTE Tabs 10s       ,10s  ,     0 ,       0 ,     0,       0,     0 ,       0 ,     0 ,     0,       0
00,0015051,FAS-3 KIT                     ,KIT  ,   502 ,   51204 ,   840,   85680,   418 ,   42636 ,     1 ,   923,   94146
00,0015074,FEMINORA GEL VAGINAL          ,3s   ,     0 ,       0 ,     0,       0,     0 ,       0 ,     0 ,     0,       0
00,0015196,FEXONA TABS                   ,10s  ,     4 ,     372 ,     0,       0,     3 ,     279 ,     0 ,     1,      93
00,0015135,FLUVIR JUNIOR SYP             ,30ml ,    47 ,    7614 ,     0,       0,    47 ,    7614 ,     0 ,     0,       0
00,0015222,FOLSPAN CAPSULE 10s           ,10s  ,     0 ,       0 ,     0,       0,     0 ,       0 ,     0 ,     0,       0
00,0015053,GABAQUIL 30gm                 ,30gm ,     0 ,       0 ,     0,       0,     0 ,       0 ,     0 ,     0,       0
00,0015201,GLUCOWISE 20 Tabs 10s         ,10s  ,     0 ,       0 ,     0,       0,     0 ,       0 ,     0 ,     0,       0
00,0015203,GLUCOWISE M PLUS Tabs 10s     ,10s  ,     0 ,       0 ,     0,       0,     0 ,       0 ,     0 ,     0,       0
00,0015202,GLUCOWISE M Tabs 10s          ,10s  ,     0 ,       0 ,     0,       0,     0 ,       0 ,     0 ,     0,       0
00,0015081,HERAFT 150ML SUSPENSION       ,150ml,     0 ,       0 ,     0,       0,     0 ,       0 ,     0 ,     0,       0
00,0015122,HIFEN 400 TABS                ,10s  ,     0 ,       0 ,     0,       0,     0 ,       0 ,     0 ,     0,       0
00,0015129,HIFEN AZ 125mg TAB            ,10s  ,     0 ,       0 ,     0,       0,     0 ,       0 ,     0 ,     0,       0
00,0015168,HIFEN CV 50 DRY SYP 30ml      ,30ml ,     0 ,       0 ,     0,       0,     0 ,       0 ,     0 ,     0,       0
00,0015124,HIFEN DROPS 10ml              ,10ml ,     0 ,       0 ,     0,       0,     0 ,       0 ,     0 ,     0,       0
00,0015179,HIFEN REDIMIX 50mg 30ml       ,30ml ,     0 ,       0 ,     0,       0,     0 ,       0 ,     0 ,     0,       0
00,0015156,HIFEN- CV 100 DT TABS         ,10s  ,     0 ,       0 ,     0,       0,     0 ,       0 ,     0 ,     0,       0
00,0015036,IBTOR 100mg CAP               ,7s   ,     0 ,       0 ,     0,       0,     0 ,       0 ,     0 ,     0,       0
00,0015078,IMIDIL B OINT 15GM            ,15gm ,     0 ,       0 ,     0,       0,     0 ,       0 ,     0 ,     0,       0
00,0015079,IMIDIL PLUS OINT 15gm         ,15gm ,     0 ,       0 ,     0,       0,     0 ,       0 ,     0 ,     0,       0
00,0015084,IMIDIL VF 2S                  ,2s   ,     0 ,       0 ,    50,     450,    50 ,     450 ,     0 ,     0,       0
00,0015223,INZAN INFUSION 400mg          ,IV   ,     0 ,       0 ,     0,       0,     0 ,       0 ,     0 ,     0,       0
00,0015204,ISTAPHASE M 0.2 Tabs 10s      ,10s  ,     0 ,       0 ,     0,       0,     0 ,       0 ,     0 ,     0,       0
00,0015205,ISTAPHASE M 0.3 Tabs 10s      ,10s  ,     0 ,       0 ,     0,       0,     0 ,       0 ,     0 ,     0,       0
00,0015206,ISTAPHASE MG 1 Tabs 10s       ,10s  ,     0 ,       0 ,     0,       0,     0 ,       0 ,     0 ,     0,       0
00,0015207,ISTAPHASE MG 2 Tabs 10s       ,10s  ,     0 ,       0 ,     0,       0,     0 ,       0 ,     0 ,     0,       0
00,0015215,JIOTAN 40 Tabs 10s            ,10s  ,     0 ,       0 ,     0,       0,     0 ,       0 ,     0 ,     0,       0
00,0015216,JIOTAN 80 Tabs 10s            ,10s  ,     0 ,       0 ,     0,       0,     0 ,       0 ,     0 ,     0,       0
00,0015134,K PLAST POUCH                 ,7s   ,     0 ,       0 ,     0,       0,     0 ,       0 ,     0 ,     0,       0
00,0015046,KLOX 250 INJ                  ,2ML  ,     0 ,       0 ,     0,       0,     0 ,       0 ,     0 ,     0,       0
00,0015045,KLOX 250MG CAPS               ,10s  ,     0 ,       0 ,     0,       0,     0 ,       0 ,     0 ,     0,       0
00,0015044,KLOX 500 CAPS                 ,10s  ,     0 ,       0 ,     0,       0,     0 ,       0 ,     0 ,     0,       0
00,0015143,KLOX D 250 CAPS               ,10s  ,     0 ,       0 ,     0,       0,     0 ,       0 ,     0 ,     0,       0
00,0015104,KUTUB 30mg TABS               ,4s   ,     0 ,       0 ,     0,       0,     0 ,       0 ,     0 ,     0,       0
00,0015105,KUTUB 60mg TABS               ,4s   ,     0 ,       0 ,     0,       0,     0 ,       0 ,     0 ,     0,       0
00,0015057,LACORON 100 TAB               ,10s  ,     0 ,       0 ,     0,       0,     0 ,       0 ,     0 ,     0,       0
00,0015056,LACORON 50 TAB                ,10s  ,     0 ,       0 ,     0,       0,     0 ,       0 ,     0 ,     0,       0
00,0015185,LANOL 60ml SUSP               ,60ml ,     0 ,       0 ,     0,       0,     0 ,       0 ,     0 ,     0,       0
00,0015155,LANOL JR TABS                 ,10s  ,     0 ,       0 ,     0,       0,     0 ,       0 ,     0 ,     0,       0
00,0015263,LEVOCET M SYP 60ml            ,60ml ,    53 ,    4717 ,   300,   26700,   179 ,   15931 ,     0 ,   174,   15486
00,0015160,LEVOCET PLUS TABS             ,10s  ,     0 ,       0 ,     0,       0,     0 ,       0 ,     0 ,     0,       0
00,0015164,LEVOCET-M KID TABS            ,10s  ,    85 ,    3485 ,     0,       0,    74 ,    3034 ,     0 ,    11,     451
00,0015174,LORNOXI T TABS                ,10s  ,     0 ,       0 ,     0,       0,     0 ,       0 ,     0 ,     0,       0
00,0015072,LYRAMYCIN TOPICAL CREAM       ,15gm ,     0 ,       0 ,     0,       0,     0 ,       0 ,     0 ,     0,       0
00,0015145,MINOSTRONG 1.25 TAB           ,10s  ,     0 ,       0 ,    69,    7383,    24 ,    2568 ,     0 ,    45,    4815
00,0015147,MINOSTRONG F 60ml             ,60ml ,    45 ,   29115 ,     0,       0,    45 ,   29115 ,     0 ,     0,       0
00,0015025,MPX CV 1GM 10s                ,10s  ,     0 ,       0 ,     0,       0,     0 ,       0 ,     0 ,     0,       0
00,0015260,MPX CV INJ. 1.2gm             ,1.2gm,     0 ,       0 ,     0,       0,     0 ,       0 ,     0 ,     0,       0
00,0015061,MYLOTIN TAB                   ,10s  ,    77 ,   17556 ,     0,       0,    77 ,   17556 ,     0 ,     0,       0
00,0015182,OFFICE 100 TABS               ,10s  ,     0 ,       0 ,     0,       0,     0 ,       0 ,     0 ,     0,       0
00,0015183,OFFICE 200 TABS               ,10s  ,     0 ,       0 ,    10,     900,     0 ,       0 ,     0 ,    10,     900
00,0015070,OFFICE 50 DRY SYP 30ml        ,30ml ,     3 ,     123 ,     0,       0,     0 ,       0 ,     3 ,     0,       0
00,0015236,OXAHET 600 TAB                ,10s  ,     0 ,       0 ,     0,       0,     0 ,       0 ,     0 ,     0,       0
00,0015073,PELITRA GEL VAGINAL           ,7s   ,     0 ,       0 ,     0,       0,     0 ,       0 ,     0 ,     0,       0
00,0015250,POSOXIL GR TAB 100mg          ,10s  ,     0 ,       0 ,     0,       0,     0 ,       0 ,     0 ,     0,       0
00,0015220,PRIME G1 Tabs 10s             ,10s  ,     0 ,       0 ,     0,       0,     0 ,       0 ,     0 ,     0,       0
00,0015221,PRIME G2 Tabs 10s             ,10s  ,     0 ,       0 ,     0,       0,     0 ,       0 ,     0 ,     0,       0
00,0015130,PRUTIS 100mg CAP              ,10s  ,     0 ,       0 ,     0,       0,     0 ,       0 ,     0 ,     0,       0
00,0015131,PRUTIS 150mg CAP              ,10s  ,     0 ,       0 ,     0,       0,     0 ,       0 ,     0 ,     0,       0
00,0015060,PRUTIS TABS                   ,5s   ,     0 ,       0 ,     0,       0,     0 ,       0 ,     0 ,     0,       0
00,0015186,QULEF Z 250 TABS              ,5s   ,     0 ,       0 ,     0,       0,     0 ,       0 ,     0 ,     0,       0
00,0015187,QULEF Z 500 TABS              ,5s   ,     0 ,       0 ,     0,       0,     0 ,       0 ,     0 ,     0,       0
00,0015209,ROST 10 Tabs 10s              ,10s  ,     0 ,       0 ,     0,       0,     0 ,       0 ,     0 ,     0,       0
00,0015217,ROST 20 Tabs                  ,10s  ,     0 ,       0 ,     0,       0,     0 ,       0 ,     0 ,     0,       0
00,0015208,ROST 5 Tabs 10s               ,10s  ,     0 ,       0 ,     0,       0,     0 ,       0 ,     0 ,     0,       0
00,0015210,ROST F Tabs 10s               ,10s  ,     0 ,       0 ,     0,       0,     0 ,       0 ,     0 ,     0,       0
00,0015071,SECNIA CAPS 10s               ,10s  ,     0 ,       0 ,     0,       0,     0 ,       0 ,     0 ,     0,       0
00,0015085,SILERO 1s FILM                ,1s   ,    50 ,     350 ,     0,       0,    50 ,     350 ,     0 ,     0,       0
00,0015113,TAMTERO (TAMOXIFEN TAB)       ,10s  ,     0 ,       0 ,     0,       0,     0 ,       0 ,     0 ,     0,       0
00,0015018,TOLYB TAB                     ,10s  ,     0 ,       0 ,     0,       0,     0 ,       0 ,     0 ,     0,       0
00,0015063,TULOMAX 0.5 PATCHES           ,1s   ,     0 ,       0 ,     0,       0,     0 ,       0 ,     0 ,     0,       0
00,0015064,TULOMAX 1mg PATCHES           ,1s   ,     0 ,       0 ,     0,       0,     0 ,       0 ,     0 ,     0,       0
00,0015065,TULOMAX 2mg PATCHES           ,1s   ,     0 ,       0 ,     0,       0,     0 ,       0 ,     0 ,     0,       0
00,0015035,UNIWIN 500mg TABS             ,10s  ,     0 ,       0 ,     0,       0,     0 ,       0 ,     0 ,     0,       0
00,0015082,VEIL 2MG CAP                  ,10s  ,     0 ,       0 ,     0,       0,     0 ,       0 ,     0 ,     0,       0
00,0015059,VETIRA 500mg TAB              ,10s  ,     0 ,       0 ,     0,       0,     0 ,       0 ,     0 ,     0,       0
00,0015118,VETORY P TABS                 ,10s  ,    34 ,     918 ,     0,       0,    27 ,     729 ,     0 ,     7,     189
00,0015231,VIKLOT 10 TAB                 ,8s   ,     0 ,       0 ,     0,       0,     0 ,       0 ,     0 ,     0,       0
00,0015232,VIKLOT 15 TAB                 ,8s   ,     0 ,       0 ,     0,       0,     0 ,       0 ,     0 ,     0,       0
00,0015233,VIKLOT 20 TAB                 ,8s   ,     0 ,       0 ,     0,       0,     0 ,       0 ,     0 ,     0,       0
00,0015175,ZINFORT SYP 50ml              ,50ml ,     0 ,       0 ,     0,       0,     0 ,       0 ,     0 ,     0,       0
00,0015042,ZINVITA TAB                   ,30s  ,     0 ,       0 ,     0,       0,     0 ,       0 ,     0 ,     0,       0
00,0015200,xLEVOCT M SYRUP 60ML          ,60ml ,     0 ,       0 ,     0,       0,     0 ,       0 ,     0 ,     0,       0
00,0015200,*                             ,*    ,   900 ,  115454 ,  1609,  240793,  1161 ,  179046 ,     5 ,  1343,  176624
01,0015267,36D CAPS 4s                   ,4s   ,     0 ,       0 ,     0,       0,     0 ,       0 ,     0 ,     0,       0
01,0015141,ALFAPSIN D TABS               ,10s  ,     0 ,       0 ,     0,       0,     0 ,       0 ,     0 ,     0,       0
01,0015093,ENUFF 10 SACHET 1gm           ,1gm  ,    60 ,     600 ,     0,       0,    46 ,     460 ,     0 ,    14,     140
01,0015094,ENUFF 100mg CAPS              ,10s  ,    18 ,    2088 ,     0,       0,     0 ,       0 ,     0 ,    18,    2088
01,0015095,ENUFF 30 SACHET 3gm       LYKA,3gm  ,    50 ,     600 ,     0,       0,    50 ,     600 ,    10 ,     0,       0
01,0015120,ENUFF XTRA 1gm SACHET         ,1gm  ,     0 ,       0 ,     0,       0,     0 ,       0 ,     0 ,     0,       0
01,0015153,ENUFF- 10 DT TABS             ,10s  ,     0 ,       0 ,     0,       0,     0 ,       0 ,     0 ,     0,       0
01,0015154,ENUFF- 30 DT TABS             ,10s  ,     0 ,       0 ,     0,       0,     0 ,       0 ,     0 ,     0,       0
01,0015096,ENUFF-15 SACHETS              ,1.5gm,     0 ,       0 ,     0,       0,     0 ,       0 ,     0 ,     0,       0
01,0015265,ETORO 90 SOFTGEL              ,10s  ,     7 ,     623 ,     0,       0,     0 ,       0 ,     0 ,     7,     623
01,0015266,ETORO TH SOFTGELS 10s         ,10s  ,     0 ,       0 ,     0,       0,     0 ,       0 ,     0 ,     0,       0
01,0015195,FIXAR TABS                    ,10s  ,     0 ,       0 ,     0,       0,     0 ,       0 ,     0 ,     0,       0
01,0015021,FLUVIR 75 CAPS                ,10s  ,    86 ,   31218 ,   120,   43560,   143 ,   51909 ,     1 ,    62,   22506
01,0015037,FLUVIR SUSP 75ml              ,75ml ,   185 ,   71040 ,     0,       0,   169 ,   64896 ,     0 ,    16,    6144
01,0015041,FX 24 SUSP 60ml               ,60ml ,     5 ,     260 ,     0,       0,     5 ,     260 ,     0 ,     0,       0
01,0015158,HI -MOM TABS                  ,10s  ,     0 ,       0 ,     0,       0,     0 ,       0 ,     0 ,     0,       0
01,0015171,HIFEN 100 DRY SYP             ,30ml ,     0 ,       0 ,    70,    3780,     0 ,       0 ,     0 ,    70,    3780
01,0015172,HIFEN 100mg PLUS TABS         ,10s  ,     0 ,       0 ,     0,       0,     0 ,       0 ,     0 ,     0,       0
01,0015169,HIFEN 200 PLUS TABS           ,10s  ,    50 ,    4950 ,    30,    2970,    35 ,    3465 ,     1 ,    44,    4356
01,0015152,HIFEN 200mg DT TABS           ,10s  ,     5 ,     390 ,    20,    1560,    24 ,    1872 ,     0 ,     1,      78
01,0015123,HIFEN 50mg DRY SYP 30ml       ,30ml ,    70 ,    2590 ,     0,       0,    63 ,    2331 ,     0 ,     7,     259
01,0015178,HIFEN AZ 250mg tab            ,10s  ,     0 ,       0 ,     0,       0,     0 ,       0 ,     0 ,     0,       0
01,0015149,HIFEN CV 200 TABS             ,10s  ,     0 ,       0 ,     0,       0,     0 ,       0 ,     0 ,     0,       0
01,0015151,HIFEN-100mg DT TABS           ,10s  ,     0 ,       0 ,     0,       0,     0 ,       0 ,     0 ,     0,       0
01,0015150,HIFEN-50mg DT TABS            ,10s  ,     0 ,       0 ,     0,       0,     0 ,       0 ,     0 ,     0,       0
01,0015058,IMIDIL -VS 3s                 ,3s   ,     0 ,       0 ,     0,       0,     0 ,       0 ,     0 ,     0,       0
01,0015180,IMIDIL 100gm POWDER           ,100gm,     0 ,       0 ,     0,       0,     0 ,       0 ,     0 ,     0,       0
01,0015146,IMIDIL C VAGINAL TABS         ,3s   ,     0 ,       0 ,     0,       0,     0 ,       0 ,     0 ,     0,       0
01,0015040,IMIDIL CREAM 15GM             ,15gm ,    20 ,     580 ,     0,       0,    17 ,     493 ,     0 ,     3,      87
01,0015043,IMIDIL VEGINAL                ,6s   ,     0 ,       0 ,     0,       0,     0 ,       0 ,     0 ,     0,       0
01,0015101,KLOX D 500 CAPS               ,10s  ,     0 ,       0 ,     0,       0,     0 ,       0 ,     0 ,     0,       0
01,0015127,KUTUB 30 X TAB                ,4s   ,     0 ,       0 ,    50,    7400,    40 ,    5920 ,     0 ,    10,    1480
01,0015014,LANOL ER TABS                 ,10s  ,   138 ,    2070 ,   400,    6000,   337 ,    5055 ,     0 ,   201,    3015
01,0015034,LEVOCET 10mg TABS             ,15s  ,     0 ,       0 ,     0,       0,     0 ,       0 ,     0 ,     0,       0
01,0015026,LEVOCET D TABS                ,10s  ,     0 ,       0 ,     0,       0,     0 ,       0 ,     0 ,     0,       0
01,0015126,LEVOCET M DRY SYP 30ml        ,30ml ,     0 ,       0 ,     0,       0,     0 ,       0 ,     1 ,     0,       0
01,0015163,LEVOCET M TABS                ,10s  ,    71 ,    5680 ,     0,       0,    17 ,    1360 ,     1 ,    53,    4240
01,0015121,LEVOCET SYRUP 30ml            ,30ml ,     0 ,       0 ,     0,       0,     0 ,       0 ,     0 ,     0,       0
01,0015028,LEVOCET TABS                  ,10s  ,    96 ,    3648 ,   260,    9880,   134 ,    5092 ,     0 ,   222,    8436
01,0015262,LINOWIN 600MG TABS            ,10s  ,     0 ,       0 ,     0,       0,     0 ,       0 ,     0 ,     0,       0
01,0015075,LYCORTIN -S 100mg INJ         ,VIAL ,     0 ,       0 ,     0,       0,     0 ,       0 ,     0 ,     0,       0
01,0015050,MENTHOPAS 6 PATCHES           ,     ,     0 ,       0 ,     0,       0,     0 ,       0 ,     0 ,     0,       0
01,0015261,MPX CV FORTE DRY SYP          ,30ml ,     0 ,       0 ,     0,       0,     0 ,       0 ,     0 ,     0,       0
01,0015256,MPX-CV 375 TABS               ,6s   ,     0 ,       0 ,     0,       0,     0 ,       0 ,     0 ,     0,       0
01,0015257,MPX-CV 625 TABS               ,10S  ,    40 ,    4920 ,     0,       0,     0 ,       0 ,    40 ,     0,       0
01,0015258,MPX-CV DRY SYRUP              ,30ml ,     0 ,       0 ,     0,       0,     0 ,       0 ,     0 ,     0,       0
01,0015259,MPX-CV KT DT TABS             ,6s   ,     0 ,       0 ,     0,       0,     0 ,       0 ,     0 ,     0,       0
01,0015181,RABETERO L TABS               ,15s  ,     0 ,       0 ,     0,       0,     0 ,       0 ,     0 ,     0,       0
01,0015197,VETORY D TABS                 ,10s  ,     0 ,       0 ,     0,       0,     0 ,       0 ,     0 ,     0,       0
01,0015177,VETORY MX TAB                 ,10s  ,     9 ,     306 ,     0,       0,     4 ,     136 ,     0 ,     5,     170
01,0015003,VETORY NANO GEL               ,30gm ,     0 ,       0 ,     0,       0,     0 ,       0 ,     0 ,     0,       0
01,0015176,VETORY SP TAB                 ,10s  ,    27 ,    1323 ,     0,       0,    17 ,     833 ,     0 ,    10,     490
01,0015176,*                             ,*    ,   937 ,  132886 ,   950,   75150,  1101 ,  144682 ,    54 ,   743,   57892
02,0015031,C FURO 500mg TABS             ,10s  ,     0 ,       0 ,     0,       0,     0 ,       0 ,     0 ,     0,       0
02,0015255,HIFEN LX 200                  ,10s  ,     0 ,       0 ,     0,       0,     0 ,       0 ,     0 ,     0,       0
02,0015159,LANOL 650 TABS                ,10s  ,     0 ,       0 ,     0,       0,     0 ,       0 ,     0 ,     0,       0
02,0015157,LANOL DROPS                   ,15ml ,     0 ,       0 ,     0,       0,     0 ,       0 ,     0 ,     0,       0
02,0015111,LORNOXI 4mg TABS              ,10s  ,     0 ,       0 ,     0,       0,     0 ,       0 ,     0 ,     0,       0
02,0015112,LORNOXI 8mg TABS              ,10s  ,     0 ,       0 ,     0,       0,     0 ,       0 ,     0 ,     0,       0
02,0015132,LORNOXI P TABS                ,10s  ,     7 ,     308 ,     0,       0,     1 ,      44 ,     0 ,     6,     264
02,0015173,LORNOXI T 4 TABS              ,10s  ,     0 ,       0 ,     0,       0,     0 ,       0 ,     0 ,     0,       0
02,0015140,NADISKIN CREAM 10gm           ,10gm ,     0 ,       0 ,     0,       0,     0 ,       0 ,     0 ,     0,       0
02,0015193,POD AZ 500 TABS               ,10s  ,     0 ,       0 ,     0,       0,     0 ,       0 ,     0 ,     0,       0
02,0015191,POD-AZ 125 DT TABS            ,10s  ,     0 ,       0 ,     0,       0,     0 ,       0 ,     0 ,     0,       0
02,0015192,POD-AZ 250 TABS               ,10s  ,     0 ,       0 ,     0,       0,     0 ,       0 ,     0 ,     0,       0
02,0015115,QULEF 250 TABS                ,5s   ,     0 ,       0 ,     0,       0,     0 ,       0 ,     0 ,     0,       0
02,0015116,QULEF 500 TABS                ,5s   ,     0 ,       0 ,     0,       0,     0 ,       0 ,     0 ,     0,       0
02,0015117,QULEF 750 TABS                ,10s  ,     0 ,       0 ,     0,       0,     0 ,       0 ,     0 ,     0,       0
02,0015133,QULEF OZ TAB                  ,6s   ,     0 ,       0 ,     0,       0,     0 ,       0 ,     0 ,     0,       0
02,0015189,QULEF POD TABS                ,10s  ,     0 ,       0 ,     0,       0,     0 ,       0 ,     0 ,     0,       0
02,0015190,RABEZ L TABS                  ,10s  ,     0 ,       0 ,     0,       0,     0 ,       0 ,     0 ,     0,       0
02,0015114,S GEL 25gm                    ,25gm ,     0 ,       0 ,     0,       0,     0 ,       0 ,     0 ,     0,       0
02,0015194,S-GEL 10gm                    ,10gm ,     0 ,       0 ,     0,       0,     0 ,       0 ,     0 ,     0,       0
02,0015194,*                             ,*    ,     7 ,     308 ,     0,       0,     1 ,      44 ,     0 ,     6,     264
03,0015062,ACBOR PATCHES                 ,1x4  ,     0 ,       0 ,     0,       0,     0 ,       0 ,     0 ,     0,       0
03,0015015,ADABOR GEL 15gm               ,15gm ,     0 ,       0 ,     0,       0,     0 ,       0 ,     0 ,     0,       0
03,0015066,BILASET 20 TAB                ,10s  ,    50 ,    2850 ,     0,       0,    29 ,    1653 ,     0 ,    21,    1197
03,0015069,BILASET 40 TAB                ,10s  ,    21 ,    2394 ,    39,    4446,    60 ,    6840 ,     0 ,     0,       0
03,0015068,BILASET M TAB                 ,10s  ,     1 ,      73 ,     0,       0,     0 ,       0 ,     0 ,     1,      73
03,0015234,BORIT SB 130 CAPS             ,10s  ,    12 ,    2016 ,     0,       0,    12 ,    2016 ,     0 ,     0,       0
03,0015235,BORIT SB 65MG CAPS            ,10s  ,    27 ,    2538 ,     0,       0,    27 ,    2538 ,     0 ,     0,       0
03,0015054,HETERONOX 10gm CREAM          ,10gm ,     2 ,     302 ,    24,    3624,    26 ,    3926 ,     0 ,     0,       0
03,0015052,HETERONOX 5gm CREAM           ,5gm  ,    30 ,    2730 ,     0,       0,    14 ,    1274 ,     0 ,    16,    1456
03,0015047,ITBOR 100 CAPS                ,7s   ,    61 ,    3721 ,     0,       0,    37 ,    2257 ,     0 ,    24,    1464
03,0015032,ITBOR 200mg CAP               ,10s  ,     0 ,       0 ,   140,   17080,   125 ,   15250 ,     0 ,    15,    1830
03,0015055,LULIBOR 15gm CREAM            ,15gm ,     0 ,       0 ,     0,       0,     0 ,       0 ,     0 ,     0,       0
03,0015013,LULIBOR 30gm CREAM            ,30gm ,     0 ,       0 ,     0,       0,     0 ,       0 ,     0 ,     0,       0
03,0015012,LULIBOR LOTION                ,30ml ,     0 ,       0 ,    40,    7800,     2 ,     390 ,     0 ,    38,    7410
03,0015144,MINOSTRONG 60ml               ,60ml ,    90 ,   51570 ,     0,       0,    90 ,   51570 ,     0 ,     0,       0
03,0079003,MOISTE 50gm CREAM             ,50gm ,     0 ,       0 ,     0,       0,     0 ,       0 ,     0 ,     0,       0
03,0079059,MOISTE CREAM 100GM            ,100gm,    16 ,    3440 ,     0,       0,     2 ,     430 ,     0 ,    14,    3010
03,0079001,MOISTE LOT 100ml              ,100ml,   147 ,   31605 ,     0,       0,    76 ,   16340 ,     1 ,    70,   15050
03,0015077,NAFBOR 10gm CREAM             ,10gm ,     0 ,       0 ,     0,       0,     0 ,       0 ,     0 ,     0,       0
03,0015076,NAFBOR 30gm CREAM             ,30gm ,    15 ,    4800 ,     0,       0,     1 ,     320 ,     0 ,    14,    4480
03,0015039,SPARKEL FACIAL MASK           ,PACK ,   585 ,   41535 ,     0,       0,   510 ,   36210 ,     0 ,    75,    5325
03,0015327,SPARKEL GLOW FACI MASK        ,PACK ,     0 ,       0 ,     0,       0,     0 ,       0 ,     0 ,     0,       0
03,0015326,SPARKEL YOUTH FACIAL MASK     ,PACK ,     0 ,       0 ,     0,       0,     0 ,       0 ,     0 ,     0,       0
03,0015080,TOFUS TAB                     ,10s  ,   267 ,   65682 ,     0,       0,   231 ,   56826 ,     0 ,    36,    8856
03,0015017,TREBOR 0.025% CREAM           ,20gm ,    30 ,    3480 ,     0,       0,    28 ,    3248 ,     1 ,     1,     116
03,0015016,TREBOR 0.05% GEL              ,20gm ,     7 ,     777 ,     0,       0,     2 ,     222 ,     0 ,     5,     555
03,0015024,ZEBOR 10% TUBE                ,15gm ,    45 ,    5490 ,     0,       0,    30 ,    3660 ,     0 ,    15,    1830
03,0015030,ZEBOR 20% TUBE                ,15gm ,    31 ,    4402 ,     0,       0,    30 ,    4260 ,     0 ,     1,     142
03,0015030,*                             ,*    ,  1437 ,  229405 ,   243,   32950,  1332 ,  209230 ,     2 ,   346,   52794
04,0025187,COMBIHEXT TABS                ,10s  ,     0 ,       0 ,     0,       0,     0 ,       0 ,     0 ,     0,       0
04,0025187,*                             ,*    ,     0 ,       0 ,     0,       0,     0 ,       0 ,     0 ,     0,       0
15,0015264,LEVOCET SYRUP 60ML            ,60ml ,     0 ,       0 ,   450,   33300,   250 ,   18500 ,     5 ,   195,   14430
15,0015264,*                             ,*    ,     0 ,       0 ,   450,   33300,   250 ,   18500 ,     5 ,   195,   14430
15,0015264,**                            ,**   ,  3281 ,  478053 ,  3252,  382193,  3845 ,  551502 ,    66 ,  2633,  302004
